epoch,time,train/box_loss,train/seg_loss,train/cls_loss,train/dfl_loss,metrics/precision(B),metrics/recall(B),metrics/mAP50(B),metrics/mAP50-95(B),metrics/precision(M),metrics/recall(M),metrics/mAP50(M),metrics/mAP50-95(M),val/box_loss,val/seg_loss,val/cls_loss,val/dfl_loss,lr/pg0,lr/pg1,lr/pg2
1,26.8596,0.80633,2.66416,3.27228,1.3868,0.1774,0.33329,0.19978,0.1518,0.17065,0.29961,0.18656,0.11808,1.29245,6.20711,3.0004,1.96089,0.083051,5.1e-05,5.1e-05
2,57.139,0.61155,1.70605,1.95411,1.24227,0.31452,0.57488,0.34715,0.28268,0.28364,0.49905,0.26464,0.13848,0.78516,6.98806,4.29369,1.48456,0.065105,0.000104994,0.000104994
3,84.3886,0.62346,1.5888,1.73888,1.23512,0.31704,0.54229,0.36918,0.26591,0.42856,0.38666,0.33396,0.22083,1.28386,6.64722,3.54923,2.08842,0.047159,0.000158961,0.000158961
4,114.149,0.67653,1.54267,1.65434,1.25565,0.44274,0.46093,0.39899,0.26969,0.43461,0.44496,0.36994,0.2139,0.98512,7.7286,4.87551,1.60874,0.0292129,0.000212883,0.000212883
5,144.308,0.65844,1.63546,1.56867,1.27563,0.3762,0.67186,0.4747,0.37901,0.37142,0.65974,0.47102,0.36178,0.75088,3.06638,4.15607,1.55231,0.0112667,0.000266739,0.000266739
6,183.209,0.68848,1.57295,1.58139,1.26562,0.44054,0.50546,0.49373,0.37473,0.41971,0.48567,0.47111,0.34915,0.76791,2.67896,2.50169,1.44885,0.000299542,0.000299542,0.000299542
7,240.004,0.72533,1.75331,1.5213,1.29826,0.4438,0.50836,0.45648,0.37373,0.43315,0.48842,0.42963,0.3197,0.6937,2.88004,2.53297,1.38462,0.000299341,0.000299341,0.000299341
8,266.903,0.7055,1.72599,1.49452,1.30131,0.45795,0.50627,0.48669,0.39346,0.38864,0.45119,0.41825,0.29668,0.81649,3.54542,2.98187,1.67623,0.000299103,0.000299103,0.000299103
9,298.248,0.66793,1.56862,1.39575,1.26529,0.54147,0.3971,0.46272,0.34269,0.4409,0.33004,0.3423,0.2025,0.94629,4.66745,2.22622,1.58139,0.000298829,0.000298829,0.000298829
10,331.212,0.63434,1.4614,1.39865,1.22605,0.71095,0.50592,0.59557,0.4841,0.66856,0.4641,0.51351,0.34235,0.68319,2.99023,1.98789,1.30255,0.000298519,0.000298519,0.000298519
11,369.9,0.66497,1.5459,1.37516,1.24637,0.47391,0.54412,0.52073,0.41669,0.47994,0.52867,0.50378,0.39036,0.73864,1.74801,2.52931,1.4062,0.000298172,0.000298172,0.000298172
12,401.167,0.66828,1.60836,1.32195,1.22862,0.57601,0.53592,0.57294,0.47291,0.56087,0.52238,0.54664,0.43461,0.66309,1.81419,1.87181,1.26944,0.000297789,0.000297789,0.000297789
13,434.97,0.66405,1.55603,1.32429,1.25959,0.46286,0.64483,0.5749,0.48326,0.46398,0.61807,0.55395,0.427,0.62532,1.87288,1.75794,1.27757,0.00029737,0.00029737,0.00029737
14,469.28,0.63872,1.40787,1.28736,1.20862,0.48794,0.59391,0.5457,0.45238,0.55319,0.53398,0.53516,0.4459,0.761,1.59227,2.62744,1.6099,0.000296915,0.000296915,0.000296915
15,501.843,0.67362,1.60384,1.24041,1.25406,0.53493,0.50834,0.47463,0.37462,0.51349,0.49336,0.44232,0.34439,0.75234,1.99092,2.66199,1.5477,0.000296424,0.000296424,0.000296424
16,532.589,0.6422,1.51142,1.25421,1.20998,0.56841,0.55327,0.51795,0.39757,0.555,0.55225,0.49034,0.36846,0.82542,1.69431,1.91146,1.7094,0.000295897,0.000295897,0.000295897
17,558.906,0.61625,1.45805,1.2016,1.20961,0.64246,0.46874,0.56961,0.46059,0.63314,0.45965,0.55162,0.45935,0.78206,1.63466,1.7504,1.65237,0.000295335,0.000295335,0.000295335
18,625.853,0.60208,1.38451,1.21823,1.19311,0.4733,0.58231,0.53932,0.4347,0.46112,0.56853,0.5225,0.42004,0.72592,1.78905,2.04323,1.53097,0.000294737,0.000294737,0.000294737
19,685.2,0.64198,1.59666,1.27029,1.22909,0.53933,0.55379,0.5613,0.45559,0.53195,0.5353,0.54346,0.44253,0.74328,1.50613,1.86597,1.58411,0.000294104,0.000294104,0.000294104
20,711.864,0.65146,1.50669,1.29638,1.22144,0.69836,0.61655,0.68421,0.55713,0.68803,0.58909,0.65023,0.51455,0.62815,1.68451,1.88539,1.28017,0.000293435,0.000293435,0.000293435
21,763.112,0.60788,1.58546,1.26569,1.22186,0.62404,0.60652,0.64517,0.52712,0.61548,0.59768,0.62282,0.50994,0.6183,1.6248,1.66331,1.24295,0.000292732,0.000292732,0.000292732
22,826.038,0.63156,1.49453,1.23886,1.24943,0.59124,0.62057,0.6463,0.53906,0.58653,0.61007,0.62795,0.54196,0.75143,1.5523,1.77415,1.58085,0.000291994,0.000291994,0.000291994
23,854.995,0.63824,1.4777,1.18803,1.2222,0.65919,0.59897,0.65423,0.54614,0.64963,0.58989,0.64296,0.52974,0.71621,1.53186,1.83574,1.60539,0.000291221,0.000291221,0.000291221
24,884.173,0.58567,1.33,1.11185,1.20156,0.59719,0.60014,0.62487,0.52015,0.57393,0.58888,0.59796,0.49796,0.69459,1.49569,1.68889,1.30035,0.000290413,0.000290413,0.000290413
25,917.051,0.60433,1.3516,1.12214,1.21357,0.58409,0.6501,0.61382,0.50306,0.55948,0.62263,0.57935,0.46466,0.71342,1.71986,1.60082,1.32229,0.000289572,0.000289572,0.000289572
26,947.345,0.58512,1.46472,1.07657,1.17738,0.60414,0.62495,0.62654,0.52114,0.60291,0.60444,0.60326,0.51769,0.6881,1.62155,1.56472,1.40749,0.000288696,0.000288696,0.000288696
27,1010.21,0.6113,1.486,1.13415,1.20874,0.62467,0.6135,0.59041,0.45503,0.62146,0.60101,0.57987,0.4391,0.84807,2.02051,1.79457,1.61536,0.000287787,0.000287787,0.000287787
28,1040.05,0.64484,1.45023,1.12821,1.21178,0.55036,0.7048,0.63223,0.5142,0.53886,0.68511,0.59322,0.50494,0.73242,1.43023,1.90982,1.62873,0.000286843,0.000286843,0.000286843
29,1068.82,0.63388,1.42801,1.11367,1.21792,0.55179,0.66848,0.62692,0.51368,0.63475,0.55235,0.62302,0.50539,0.72266,1.29488,2.01531,1.64993,0.000285867,0.000285867,0.000285867
30,1099.91,0.56311,1.29477,1.04924,1.15325,0.64139,0.61487,0.63709,0.53857,0.55399,0.65178,0.61359,0.50389,0.71316,1.51411,1.43047,1.45064,0.000284857,0.000284857,0.000284857
31,1160.88,0.5409,1.34754,1.0077,1.12884,0.67211,0.60268,0.67624,0.56085,0.61984,0.62619,0.65895,0.5482,0.69596,1.31678,1.31749,1.45577,0.000283814,0.000283814,0.000283814
32,1198.71,0.55097,1.24929,1.03398,1.15287,0.68882,0.67439,0.70202,0.57909,0.68755,0.67369,0.69907,0.5761,0.73948,1.51632,1.23558,1.45818,0.000282739,0.000282739,0.000282739
33,1267.46,0.57934,1.53281,0.99995,1.18857,0.7146,0.6081,0.68846,0.58035,0.70369,0.59908,0.66729,0.56208,0.71642,1.56352,1.23666,1.5626,0.000281632,0.000281632,0.000281632
34,1298.82,0.54271,1.21963,1.04281,1.14267,0.62736,0.59381,0.64331,0.54548,0.61467,0.58788,0.62689,0.52855,0.7189,1.57016,1.36822,1.50977,0.000280492,0.000280492,0.000280492
35,1330.96,0.60224,1.37023,1.12932,1.18568,0.76967,0.59477,0.70667,0.60577,0.75497,0.5799,0.68348,0.58386,0.70128,1.45483,1.12752,1.47194,0.00027932,0.00027932,0.00027932
36,1358.83,0.54048,1.31352,0.93283,1.14556,0.70961,0.58456,0.67718,0.56343,0.6728,0.56798,0.63827,0.52023,0.64127,1.80478,1.31575,1.35596,0.000278117,0.000278117,0.000278117
37,1391.35,0.54377,1.38111,0.93097,1.15299,0.75158,0.61247,0.68573,0.57834,0.73822,0.60155,0.66298,0.56915,0.69648,1.41041,1.23425,1.48843,0.000276883,0.000276883,0.000276883
38,1423.35,0.54867,1.28631,1.00521,1.15914,0.62716,0.68218,0.67858,0.57761,0.60627,0.68002,0.65943,0.55064,0.66451,1.42724,1.23023,1.39026,0.000275617,0.000275617,0.000275617
39,1500.72,0.52816,1.2171,0.90503,1.14951,0.70153,0.65713,0.69671,0.57805,0.69865,0.65575,0.68701,0.57054,0.7215,1.3414,1.19426,1.39994,0.000274321,0.000274321,0.000274321
40,1526.88,0.59367,1.38604,0.92672,1.16694,0.71759,0.66058,0.71729,0.60963,0.72821,0.62427,0.69557,0.57646,0.6935,1.41533,1.25209,1.48486,0.000272995,0.000272995,0.000272995
41,1559.44,0.51942,1.1953,0.94573,1.12087,0.62842,0.68233,0.68958,0.57458,0.61393,0.67407,0.66624,0.56366,0.7243,1.37314,1.35056,1.47868,0.000271639,0.000271639,0.000271639
42,1626.6,0.56309,1.26204,0.97702,1.1667,0.62771,0.71223,0.69745,0.59309,0.62186,0.70314,0.67232,0.57064,0.6295,1.41932,1.62669,1.31941,0.000270253,0.000270253,0.000270253
43,1656.39,0.53384,1.13545,0.9207,1.12546,0.70329,0.67194,0.70047,0.59165,0.69765,0.66618,0.68673,0.59637,0.7027,1.42745,1.36301,1.40386,0.000268838,0.000268838,0.000268838
44,1689.05,0.48886,1.16383,0.87598,1.09822,0.71092,0.65308,0.699,0.60907,0.69523,0.64399,0.68425,0.59678,0.62878,1.36289,1.25839,1.44819,0.000267394,0.000267394,0.000267394
45,1745.22,0.51003,1.24608,0.9534,1.11239,0.72115,0.64488,0.70051,0.59847,0.71206,0.63894,0.68387,0.58929,0.60388,1.45792,1.52945,1.19974,0.000265921,0.000265921,0.000265921
46,1772.61,0.48407,1.1507,0.81836,1.10356,0.6561,0.7158,0.72077,0.62946,0.64537,0.70118,0.69763,0.59093,0.65779,1.46692,1.25577,1.40282,0.00026442,0.00026442,0.00026442
47,1842.37,0.52221,1.34343,0.89566,1.12594,0.64732,0.72925,0.71471,0.61938,0.64255,0.71298,0.69783,0.57549,0.69358,1.5353,1.4195,1.47276,0.000262891,0.000262891,0.000262891
48,1906.69,0.51783,1.31962,0.89319,1.1156,0.57432,0.56179,0.57192,0.47836,0.60505,0.54426,0.56071,0.45058,0.72884,1.79779,1.80181,1.56919,0.000261335,0.000261335,0.000261335
49,1938.99,0.51001,1.16977,0.88447,1.1347,0.65738,0.63403,0.65232,0.54672,0.66964,0.61164,0.63548,0.52689,0.66684,1.47119,1.38629,1.51547,0.000259752,0.000259752,0.000259752
50,1971.72,0.49035,1.19146,0.7906,1.10852,0.70895,0.62775,0.70954,0.60783,0.70059,0.6217,0.69226,0.57934,0.67914,1.35555,1.25331,1.38616,0.000258142,0.000258142,0.000258142
51,2002.71,0.50326,1.1439,0.89188,1.11064,0.67403,0.65012,0.66721,0.58022,0.66143,0.64354,0.65696,0.5512,0.66419,1.41691,1.68609,1.48647,0.000256505,0.000256505,0.000256505
52,2035.87,0.47061,1.06772,0.83148,1.07989,0.58324,0.70143,0.67895,0.5965,0.57598,0.69005,0.66793,0.56811,0.68566,1.44744,1.64672,1.48686,0.000254843,0.000254843,0.000254843
53,2102.65,0.50487,1.22205,0.78462,1.1149,0.68849,0.68006,0.71919,0.62586,0.68255,0.67412,0.70686,0.58157,0.6941,1.61889,1.41215,1.41546,0.000253155,0.000253155,0.000253155
54,2129.35,0.46455,1.1219,0.78937,1.08301,0.61452,0.66246,0.65932,0.56963,0.60386,0.65393,0.63839,0.51952,0.67225,1.56682,1.50013,1.37723,0.000251442,0.000251442,0.000251442
55,2161.07,0.53923,1.27713,0.84804,1.16333,0.64385,0.6903,0.69652,0.60163,0.62805,0.67853,0.67459,0.55867,0.67893,1.42553,1.25125,1.40911,0.000249705,0.000249705,0.000249705
56,2223.7,0.46535,1.15443,0.77389,1.08724,0.7385,0.65195,0.75496,0.65517,0.72498,0.64111,0.73686,0.63321,0.66131,1.34973,1.07315,1.4527,0.000247943,0.000247943,0.000247943
57,2260.6,0.51933,1.29593,0.87455,1.13707,0.71171,0.67746,0.73747,0.64318,0.76807,0.62746,0.72181,0.6193,0.66391,1.32908,1.07544,1.48647,0.000246157,0.000246157,0.000246157
58,2327.96,0.47805,1.17433,0.75868,1.09075,0.73877,0.62546,0.69427,0.61149,0.73843,0.62712,0.68836,0.59332,0.61535,1.27535,1.52793,1.49068,0.000244349,0.000244349,0.000244349
59,2353.91,0.46812,1.16358,0.8021,1.08609,0.69482,0.67194,0.72323,0.62225,0.68602,0.6558,0.7113,0.59609,0.66135,1.41936,1.63276,1.4914,0.000242517,0.000242517,0.000242517
60,2386.06,0.44608,1.00874,0.71938,1.0604,0.68622,0.70512,0.74053,0.65916,0.67777,0.69779,0.72,0.6201,0.62484,1.49174,1.43362,1.41783,0.000240662,0.000240662,0.000240662
61,2419.05,0.44585,1.09762,0.65123,1.04042,0.71463,0.71843,0.73433,0.63433,0.71506,0.72009,0.72665,0.61837,0.65871,1.30918,1.50785,1.54988,0.000238786,0.000238786,0.000238786
62,2486.47,0.48174,1.02192,0.76883,1.08041,0.6832,0.6875,0.69204,0.58877,0.68458,0.673,0.68103,0.57397,0.71179,1.3393,1.20227,1.50632,0.000236888,0.000236888,0.000236888
63,2518.82,0.51693,1.20348,0.83523,1.11932,0.67516,0.71789,0.71609,0.61911,0.66608,0.70183,0.6946,0.59283,0.66672,1.32419,1.10559,1.43803,0.000234969,0.000234969,0.000234969
64,2549.99,0.46667,1.18311,0.75222,1.09074,0.69106,0.68785,0.71793,0.61578,0.68582,0.68405,0.70099,0.60039,0.67629,1.33922,1.12779,1.38664,0.00023303,0.00023303,0.00023303
65,2582.51,0.45149,1.10501,0.74633,1.07328,0.67042,0.68361,0.71488,0.61842,0.6607,0.67643,0.69291,0.58426,0.65549,1.36324,1.55848,1.42914,0.00023107,0.00023107,0.00023107
66,2639.74,0.47854,1.17429,0.72828,1.08436,0.63764,0.71174,0.71724,0.62617,0.6265,0.70097,0.69592,0.59012,0.63152,1.45756,1.45372,1.42738,0.000229091,0.000229091,0.000229091
67,2672.49,0.45136,1.09548,0.71515,1.08289,0.67131,0.69142,0.71683,0.6222,0.65309,0.67678,0.68894,0.58746,0.63403,1.49919,1.13827,1.38626,0.000227093,0.000227093,0.000227093
68,2703.64,0.4208,0.95137,0.68518,1.06063,0.63521,0.69577,0.69319,0.60687,0.70247,0.62122,0.6669,0.55299,0.60735,1.46685,1.1782,1.40244,0.000225076,0.000225076,0.000225076
69,2736.86,0.43767,1.1434,0.73434,1.06833,0.74293,0.64196,0.69904,0.6132,0.73842,0.62969,0.67558,0.56661,0.64885,1.44601,1.12878,1.41581,0.00022304,0.00022304,0.00022304
70,2767.54,0.46506,1.11641,0.78092,1.0863,0.70179,0.64933,0.69896,0.6141,0.68766,0.64384,0.68139,0.57692,0.64254,1.38974,1.07814,1.45846,0.000220988,0.000220988,0.000220988
71,2798.43,0.44736,1.10348,0.71261,1.06228,0.75514,0.61603,0.72404,0.62308,0.74865,0.62296,0.71314,0.59678,0.65072,1.35901,1.11911,1.45421,0.000218918,0.000218918,0.000218918
72,2831.27,0.45718,1.19111,0.80909,1.07864,0.73751,0.63477,0.73388,0.64602,0.71912,0.62195,0.71074,0.61974,0.59343,1.3092,1.09259,1.38969,0.000216831,0.000216831,0.000216831
73,2863.75,0.43032,1.07634,0.70102,1.04644,0.64001,0.71361,0.7232,0.63318,0.63151,0.6983,0.70253,0.61053,0.60746,1.34787,1.11858,1.42817,0.000214728,0.000214728,0.000214728
74,2896.83,0.44389,1.02637,0.70176,1.069,0.69779,0.70489,0.74187,0.64573,0.68286,0.68973,0.71829,0.62672,0.62488,1.51322,1.0196,1.46708,0.00021261,0.00021261,0.00021261
75,2929.53,0.4593,1.04384,0.64934,1.053,0.73196,0.69275,0.72638,0.64293,0.73193,0.66744,0.70887,0.61739,0.60634,1.50225,1.60689,1.4636,0.000210476,0.000210476,0.000210476
76,2962.44,0.42562,0.95581,0.64081,1.07483,0.73732,0.63556,0.71257,0.62739,0.7216,0.62389,0.69063,0.59813,0.62199,1.39923,1.64893,1.46958,0.000208328,0.000208328,0.000208328
77,2995.32,0.42393,1.06216,0.61383,1.05238,0.69803,0.71956,0.74715,0.65813,0.67368,0.70103,0.71502,0.60752,0.5981,1.55254,0.99233,1.40855,0.000206166,0.000206166,0.000206166
78,3028.14,0.41667,0.99105,0.67135,1.05771,0.74967,0.65824,0.72102,0.644,0.66643,0.70996,0.70951,0.61437,0.59627,1.41514,1.04869,1.38256,0.000203991,0.000203991,0.000203991
79,3060.63,0.4146,1.06075,0.65954,1.03973,0.80256,0.63427,0.73229,0.64686,0.79627,0.62796,0.71989,0.62591,0.60635,1.38595,1.02524,1.38559,0.000201803,0.000201803,0.000201803
80,3087.51,0.40622,0.98466,0.66792,1.03352,0.74741,0.66612,0.73483,0.65682,0.74876,0.65336,0.71261,0.62496,0.48735,1.44717,1.02063,1.11003,0.000199602,0.000199602,0.000199602
81,3162.67,0.37665,0.9199,0.58621,1.01109,0.64475,0.68646,0.7373,0.65445,0.63057,0.67659,0.71907,0.62146,0.48889,1.37656,1.07387,1.11411,0.000197389,0.000197389,0.000197389
82,3205.79,0.44344,0.96823,0.64993,1.05953,0.73357,0.635,0.75643,0.6745,0.72467,0.62956,0.74224,0.64064,0.4921,1.33946,1.01383,1.09742,0.000195165,0.000195165,0.000195165
83,3233.85,0.39669,0.91667,0.59418,1.0329,0.7633,0.71158,0.75902,0.68001,0.71469,0.73287,0.74262,0.63659,0.46572,1.39965,0.97149,1.08894,0.00019293,0.00019293,0.00019293
84,3271.6,0.40437,0.93521,0.65466,1.03263,0.75279,0.7089,0.74683,0.66426,0.74689,0.70128,0.73363,0.62462,0.57693,1.51573,1.08335,1.21132,0.000190685,0.000190685,0.000190685
85,3304.43,0.40846,0.94969,0.65142,1.0512,0.78334,0.6965,0.73951,0.65061,0.77635,0.69044,0.72376,0.61824,0.6152,1.49785,1.03366,1.40325,0.00018843,0.00018843,0.00018843
86,3363.62,0.41156,1.01591,0.64032,1.04268,0.78506,0.65882,0.74514,0.65089,0.76885,0.65825,0.72286,0.62306,0.63362,1.38208,1.01988,1.46102,0.000186167,0.000186167,0.000186167
87,3390.71,0.40568,0.99731,0.58749,1.04304,0.71915,0.67156,0.7251,0.63011,0.70762,0.66263,0.70898,0.61023,0.64347,1.28919,1.0482,1.45956,0.000183894,0.000183894,0.000183894
88,3423.35,0.38784,0.91897,0.5514,1.01281,0.81752,0.60926,0.73584,0.65388,0.7339,0.63582,0.72101,0.6179,0.59218,1.35305,1.0725,1.40483,0.000181614,0.000181614,0.000181614
89,3456.55,0.38811,0.94934,0.58509,1.02352,0.70925,0.66521,0.72253,0.63777,0.7013,0.65961,0.70865,0.60715,0.60656,1.38066,1.17843,1.40829,0.000179326,0.000179326,0.000179326
90,3488.88,0.39092,0.98273,0.64603,1.0317,0.70742,0.66663,0.73115,0.64696,0.69968,0.66087,0.7231,0.61949,0.60159,1.42506,1.05064,1.4028,0.000177031,0.000177031,0.000177031
91,3522.07,0.40935,1.08434,0.65121,1.04574,0.74988,0.60671,0.71328,0.64174,0.73491,0.59705,0.70021,0.60772,0.5951,1.42032,1.05213,1.37831,0.000174731,0.000174731,0.000174731
92,3554.55,0.41687,1.03602,0.64443,1.04929,0.7212,0.66383,0.72892,0.64869,0.70933,0.64261,0.71168,0.61266,0.47325,1.31746,0.98626,1.1178,0.000172424,0.000172424,0.000172424
93,3587.52,0.38878,0.93757,0.61595,1.03586,0.74274,0.69357,0.74231,0.66136,0.73683,0.66523,0.72227,0.63275,0.48355,1.29254,0.95018,1.11814,0.000170112,0.000170112,0.000170112
94,3620.16,0.39845,0.96716,0.63927,1.04491,0.81948,0.63819,0.76637,0.6747,0.79877,0.62285,0.74087,0.64801,0.5211,1.28533,1.04747,1.16605,0.000167796,0.000167796,0.000167796
95,3679.38,0.3601,0.80048,0.56644,1.00346,0.76329,0.6514,0.74928,0.66284,0.75307,0.64231,0.7296,0.64262,0.59208,1.35271,1.10555,1.3447,0.000165475,0.000165475,0.000165475
96,3717.09,0.41555,0.99788,0.61862,1.02758,0.73756,0.70775,0.74781,0.66939,0.73335,0.70357,0.73288,0.64715,0.57628,1.33377,1.0986,1.41845,0.000163151,0.000163151,0.000163151
97,3743.6,0.36005,0.85426,0.51555,1.0043,0.71439,0.70467,0.74205,0.65767,0.7055,0.69594,0.72977,0.63706,0.61057,1.33065,1.17368,1.4574,0.000160824,0.000160824,0.000160824
98,3770.38,0.40944,1.11867,0.6329,1.04122,0.76422,0.69598,0.75455,0.6681,0.75572,0.68736,0.74664,0.6466,0.60556,1.41182,1.1072,1.4588,0.000158495,0.000158495,0.000158495
99,3802.23,0.37135,0.92371,0.55684,1.00657,0.74065,0.68787,0.74104,0.65474,0.68683,0.72126,0.73026,0.62239,0.57954,1.50739,1.09744,1.44856,0.000156164,0.000156164,0.000156164
100,3835.35,0.37936,1.01164,0.57101,1.02454,0.73603,0.69709,0.75571,0.67522,0.72919,0.68935,0.73625,0.64708,0.5766,1.69499,1.26815,1.48251,0.000153833,0.000153833,0.000153833
101,3867.79,0.36434,0.85423,0.55421,1.02297,0.73787,0.72126,0.77148,0.68142,0.72862,0.71234,0.7522,0.64851,0.57181,1.59249,1.60349,1.47254,0.0001515,0.0001515,0.0001515
102,3979.04,0.37309,0.99555,0.54914,1.01758,0.77528,0.70165,0.77972,0.68894,0.8129,0.66873,0.76734,0.65149,0.58193,1.40902,1.34204,1.49335,0.000149167,0.000149167,0.000149167
103,4006.38,0.37399,0.91146,0.55958,1.0168,0.76455,0.68076,0.76813,0.67251,0.75752,0.69072,0.7493,0.64598,0.59318,1.30123,1.34474,1.46755,0.000146836,0.000146836,0.000146836
104,4037.17,0.33863,0.81878,0.46741,0.996,0.73859,0.70506,0.76461,0.67285,0.77057,0.6604,0.74412,0.64664,0.56128,1.28596,1.06395,1.42063,0.000144505,0.000144505,0.000144505
105,4070.27,0.35843,0.83483,0.54938,1.00995,0.76235,0.70329,0.77309,0.6809,0.74476,0.68575,0.75051,0.65148,0.5704,1.33459,0.99529,1.41497,0.000142176,0.000142176,0.000142176
106,4131.43,0.37822,0.98725,0.53597,1.00619,0.79435,0.72287,0.77376,0.68252,0.77716,0.70816,0.74838,0.65456,0.59724,1.40919,1.08963,1.39976,0.000139849,0.000139849,0.000139849
107,4162.27,0.38645,0.94181,0.56028,1.01792,0.7121,0.75872,0.77453,0.68652,0.6937,0.74053,0.74969,0.65441,0.59677,1.46226,1.10698,1.43095,0.000137525,0.000137525,0.000137525
108,4200.21,0.37607,0.95493,0.56126,1.01223,0.76043,0.72917,0.77345,0.68092,0.75374,0.72266,0.76541,0.65684,0.60371,1.38647,1.08449,1.44408,0.000135204,0.000135204,0.000135204
109,4257.68,0.39009,0.94026,0.55065,1.02425,0.75358,0.72304,0.76841,0.67848,0.74997,0.72001,0.7582,0.64728,0.6044,1.42634,1.04968,1.45352,0.000132888,0.000132888,0.000132888
110,4289.36,0.33921,0.79166,0.45357,0.98722,0.69999,0.74007,0.75839,0.67765,0.6977,0.7384,0.74715,0.6439,0.60343,1.54608,1.12622,1.45554,0.000130576,0.000130576,0.000130576
111,4321.96,0.38549,0.9758,0.535,1.00545,0.7478,0.72443,0.76673,0.6835,0.71744,0.7333,0.74871,0.65317,0.59563,1.54642,1.14499,1.45774,0.000128269,0.000128269,0.000128269
112,4355.23,0.36662,0.78413,0.48687,1.00458,0.70891,0.75606,0.76654,0.69026,0.70052,0.74697,0.74885,0.6615,0.57714,1.49444,1.12802,1.44447,0.000125969,0.000125969,0.000125969
113,4386.75,0.33997,0.82963,0.5145,0.98647,0.74415,0.73185,0.76147,0.68571,0.73559,0.72432,0.74589,0.65791,0.57337,1.43933,0.9381,1.46298,0.000123674,0.000123674,0.000123674
114,4416.86,0.36095,0.75034,0.49415,0.98495,0.75541,0.76176,0.7638,0.68052,0.74965,0.75569,0.75137,0.6538,0.56993,1.37066,0.88849,1.4591,0.000121386,0.000121386,0.000121386
115,4449.57,0.35622,0.89114,0.48103,1.00607,0.76447,0.70613,0.77067,0.68853,0.76813,0.69666,0.75705,0.66623,0.5805,1.29063,0.91741,1.43392,0.000119106,0.000119106,0.000119106
116,4494.4,0.35748,0.81856,0.485,1.0151,0.72171,0.7347,0.7815,0.70012,0.75948,0.68341,0.76496,0.67735,0.57206,1.25018,0.92133,1.40639,0.000116833,0.000116833,0.000116833
117,4533.15,0.35347,0.82365,0.50362,1.00789,0.75566,0.74861,0.78986,0.71014,0.74605,0.73952,0.77417,0.68011,0.55515,1.28856,0.87287,1.3841,0.00011457,0.00011457,0.00011457
118,4614.15,0.34805,0.90171,0.49785,0.99544,0.73426,0.73609,0.78375,0.70015,0.73278,0.73499,0.76788,0.67747,0.56644,1.34912,0.94854,1.37065,0.000112315,0.000112315,0.000112315
119,4645.19,0.35845,0.79483,0.49002,1.00445,0.76186,0.732,0.79424,0.70896,0.74668,0.71484,0.76918,0.67732,0.57868,1.35212,0.90721,1.30839,0.00011007,0.00011007,0.00011007
120,4676.25,0.36355,0.87396,0.52723,1.02198,0.82701,0.69444,0.79312,0.71789,0.81153,0.68252,0.77351,0.68317,0.51485,1.34603,0.83624,1.17536,0.000107835,0.000107835,0.000107835
121,4745.15,0.38346,0.95328,0.52582,1.02639,0.8218,0.68683,0.79476,0.7222,0.80675,0.6742,0.77638,0.68855,0.53299,1.29768,0.85412,1.27851,0.000105611,0.000105611,0.000105611
122,4812.9,0.35205,0.81314,0.48004,0.99414,0.77418,0.70671,0.78038,0.69795,0.77215,0.6983,0.7654,0.67101,0.57735,1.31652,1.00131,1.38523,0.000103398,0.000103398,0.000103398
123,4869.74,0.33298,0.77748,0.48854,0.97644,0.7675,0.70578,0.76768,0.68481,0.76451,0.70275,0.7586,0.66114,0.58364,1.33385,1.07573,1.44875,0.000101197,0.000101197,0.000101197
124,4901.34,0.32273,0.90795,0.50201,0.97389,0.75059,0.69426,0.74145,0.65867,0.75082,0.68303,0.73353,0.64075,0.58696,1.41093,0.99209,1.45843,9.9009e-05,9.9009e-05,9.9009e-05
125,4932.43,0.37363,0.93885,0.50636,1.01452,0.7479,0.63777,0.73266,0.65233,0.74741,0.62671,0.72244,0.62994,0.59086,1.45156,0.99471,1.46337,9.68335e-05,9.68335e-05,9.68335e-05
126,4960.39,0.34667,0.86287,0.48539,0.99077,0.73778,0.64819,0.74019,0.66638,0.72805,0.62737,0.72405,0.63252,0.59734,1.47,0.99674,1.45637,9.46715e-05,9.46715e-05,9.46715e-05
127,4997.31,0.31931,0.79992,0.44731,0.99925,0.77397,0.64108,0.76424,0.69089,0.74762,0.64171,0.74757,0.65474,0.57776,1.4497,0.99179,1.46522,9.25235e-05,9.25235e-05,9.25235e-05
128,5050.17,0.34043,0.87364,0.45036,1.00377,0.82022,0.65628,0.76036,0.68599,0.81072,0.65022,0.75031,0.65558,0.55471,1.45313,0.99534,1.44748,9.03901e-05,9.03901e-05,9.03901e-05
129,5081.66,0.3323,0.83838,0.4908,0.99116,0.79791,0.65894,0.76271,0.68737,0.7872,0.65297,0.75127,0.65357,0.56169,1.45048,1.03075,1.46324,8.82718e-05,8.82718e-05,8.82718e-05
130,5112.88,0.33643,0.8761,0.45995,0.98874,0.76232,0.69115,0.77413,0.69624,0.75816,0.68812,0.7654,0.65873,0.55176,1.40188,0.99596,1.45612,8.6169e-05,8.6169e-05,8.6169e-05
131,5174.85,0.339,0.94866,0.50681,1.00592,0.78277,0.69721,0.77698,0.69733,0.77833,0.69433,0.76569,0.66592,0.53845,1.30555,0.92087,1.44423,8.40824e-05,8.40824e-05,8.40824e-05
132,5201.42,0.31889,0.74872,0.44035,0.97426,0.81228,0.67123,0.78101,0.6992,0.74484,0.71178,0.76538,0.66407,0.54315,1.27647,0.91337,1.43202,8.20124e-05,8.20124e-05,8.20124e-05
133,5233.85,0.32256,0.73605,0.42952,0.97393,0.78102,0.71113,0.78862,0.70438,0.77109,0.70278,0.77434,0.66913,0.5494,1.26015,0.87446,1.43145,7.99596e-05,7.99596e-05,7.99596e-05
134,5266.58,0.29302,0.72082,0.41824,0.94704,0.81719,0.69583,0.78639,0.70233,0.80547,0.68723,0.77293,0.67382,0.56233,1.26124,0.89971,1.44552,7.79244e-05,7.79244e-05,7.79244e-05
135,5299.53,0.28888,0.75768,0.38002,0.9559,0.79323,0.70267,0.78794,0.70305,0.78278,0.69406,0.77208,0.67576,0.56156,1.27421,0.92334,1.44285,7.59073e-05,7.59073e-05,7.59073e-05
136,5326.44,0.31885,0.77266,0.4178,0.97798,0.81889,0.68091,0.78394,0.69788,0.80577,0.67247,0.76867,0.67036,0.54821,1.30229,0.93422,1.41575,7.3909e-05,7.3909e-05,7.3909e-05
137,5358.78,0.30452,0.70072,0.42105,0.9681,0.76727,0.70609,0.7769,0.69202,0.73077,0.69861,0.75834,0.66401,0.54607,1.32078,0.96004,1.38493,7.19297e-05,7.19297e-05,7.19297e-05
138,5420.67,0.3107,0.71399,0.43274,0.97888,0.76856,0.68297,0.77476,0.69921,0.74502,0.67886,0.76086,0.66572,0.55094,1.35014,0.98508,1.37271,6.99701e-05,6.99701e-05,6.99701e-05
139,5452.58,0.34776,0.93648,0.4574,1.00536,0.75181,0.67738,0.76875,0.69562,0.72796,0.67672,0.75614,0.66706,0.55439,1.36982,0.98167,1.38329,6.80306e-05,6.80306e-05,6.80306e-05
140,5526,0.30105,0.72326,0.38652,0.96263,0.80772,0.67699,0.77512,0.70015,0.79506,0.66926,0.76343,0.6735,0.54181,1.3745,0.93002,1.34279,6.61117e-05,6.61117e-05,6.61117e-05
141,5552.31,0.31395,0.66847,0.39109,0.97754,0.82297,0.68072,0.7826,0.70605,0.8158,0.67601,0.7748,0.67982,0.53618,1.36048,0.89272,1.29894,6.42139e-05,6.42139e-05,6.42139e-05
142,5617.75,0.30084,0.71119,0.44863,0.96195,0.8511,0.67864,0.79063,0.70865,0.84048,0.67399,0.78174,0.68496,0.55131,1.35176,0.88441,1.31748,6.23376e-05,6.23376e-05,6.23376e-05
143,5648.87,0.28825,0.70905,0.41417,0.94436,0.79447,0.73019,0.78849,0.70585,0.77569,0.71857,0.77192,0.68293,0.54813,1.34294,0.88265,1.37113,6.04833e-05,6.04833e-05,6.04833e-05
144,5680.19,0.31287,0.8004,0.40995,0.96613,0.76683,0.75653,0.78376,0.70847,0.74976,0.74576,0.76578,0.68133,0.53489,1.32623,0.89456,1.39591,5.86515e-05,5.86515e-05,5.86515e-05
145,5712.75,0.32627,0.79102,0.43316,0.97456,0.8262,0.72028,0.77755,0.70288,0.80793,0.70816,0.75851,0.67701,0.54037,1.33585,0.90935,1.40866,5.68425e-05,5.68425e-05,5.68425e-05
146,5745.68,0.3199,0.73239,0.43757,0.96405,0.83409,0.70822,0.7829,0.70835,0.82271,0.69334,0.77194,0.68442,0.55813,1.31407,0.92287,1.43842,5.5057e-05,5.5057e-05,5.5057e-05
147,5778.46,0.32473,0.81323,0.43672,0.99248,0.84291,0.68069,0.78473,0.71227,0.84498,0.67231,0.77478,0.69012,0.55478,1.34113,0.92938,1.44,5.32952e-05,5.32952e-05,5.32952e-05
148,5809.47,0.30674,0.71016,0.40241,0.97014,0.84925,0.698,0.79013,0.72035,0.83623,0.68915,0.77978,0.69451,0.54614,1.42058,0.93153,1.43637,5.15576e-05,5.15576e-05,5.15576e-05
149,5846.76,0.29332,0.66355,0.4026,0.96063,0.84308,0.68863,0.7956,0.72116,0.82965,0.67965,0.78327,0.69918,0.53389,1.46041,0.93231,1.42631,4.98448e-05,4.98448e-05,4.98448e-05
150,5880.2,0.28373,0.60384,0.38127,0.96312,0.81044,0.69725,0.80114,0.7294,0.8024,0.69254,0.7892,0.70328,0.54581,1.45562,0.91633,1.43098,4.81569e-05,4.81569e-05,4.81569e-05
151,5948.01,0.31887,0.7554,0.38542,0.96682,0.75235,0.73864,0.79752,0.72403,0.74565,0.73393,0.78576,0.70097,0.54497,1.43017,0.90479,1.41925,4.64946e-05,4.64946e-05,4.64946e-05
152,5980.81,0.30083,0.6717,0.34693,0.95669,0.80218,0.7113,0.79386,0.72062,0.74798,0.73777,0.78076,0.69612,0.53743,1.42099,0.8934,1.39491,4.48582e-05,4.48582e-05,4.48582e-05
153,6017.49,0.31327,0.78781,0.39846,0.97531,0.76355,0.74665,0.7914,0.72511,0.75781,0.74208,0.78056,0.69066,0.53188,1.39295,0.89598,1.37686,4.32482e-05,4.32482e-05,4.32482e-05
154,6044.42,0.29012,0.64077,0.34194,0.95848,0.76016,0.74082,0.78528,0.71884,0.75456,0.73611,0.77416,0.68213,0.52423,1.37152,0.89591,1.38846,4.16648e-05,4.16648e-05,4.16648e-05
155,6077.74,0.30736,0.71353,0.37675,0.96688,0.7787,0.71746,0.78035,0.71591,0.76372,0.70426,0.76361,0.67853,0.52077,1.34011,0.92009,1.37876,4.01085e-05,4.01085e-05,4.01085e-05
156,6110.59,0.28129,0.71482,0.33481,0.936,0.73165,0.7229,0.77159,0.70882,0.72549,0.71847,0.75717,0.67014,0.52796,1.342,0.95804,1.39019,3.85797e-05,3.85797e-05,3.85797e-05
157,6141.32,0.28426,0.69732,0.39016,0.95767,0.75495,0.70986,0.77237,0.70524,0.75128,0.7083,0.76412,0.66836,0.53508,1.35354,0.97146,1.40755,3.70788e-05,3.70788e-05,3.70788e-05
158,6174.13,0.29482,0.67965,0.37952,0.96494,0.75267,0.71235,0.77117,0.70156,0.74978,0.71068,0.76168,0.66544,0.54438,1.3593,0.97416,1.41594,3.56061e-05,3.56061e-05,3.56061e-05
159,6206.67,0.28666,0.71242,0.35466,0.95397,0.80089,0.68521,0.77169,0.69747,0.79741,0.68361,0.76224,0.66395,0.5496,1.36378,0.97187,1.42378,3.4162e-05,3.4162e-05,3.4162e-05
160,6239.77,0.27266,0.65761,0.37708,0.93622,0.75905,0.72291,0.77212,0.69917,0.75495,0.71758,0.76588,0.67089,0.53884,1.36475,0.96222,1.39953,3.27468e-05,3.27468e-05,3.27468e-05
161,6303.86,0.28425,0.66256,0.3815,0.96203,0.75444,0.73113,0.77146,0.70179,0.75217,0.73023,0.76637,0.67246,0.53396,1.36829,0.9628,1.38675,3.1361e-05,3.1361e-05,3.1361e-05
162,6369.91,0.29181,0.73463,0.36058,0.96646,0.74996,0.74574,0.77063,0.70287,0.74763,0.74429,0.76384,0.67347,0.52431,1.36819,0.95993,1.35927,3.00048e-05,3.00048e-05,3.00048e-05
163,6395.85,0.28747,0.74628,0.38957,0.94696,0.74976,0.75215,0.77637,0.70595,0.74315,0.74609,0.76561,0.6771,0.52198,1.35662,0.95518,1.3357,2.86785e-05,2.86785e-05,2.86785e-05
164,6427.8,0.31145,0.77526,0.3701,0.97144,0.75788,0.73748,0.77969,0.7107,0.75029,0.73151,0.76902,0.68206,0.52247,1.34741,0.943,1.27536,2.73826e-05,2.73826e-05,2.73826e-05
165,6454.19,0.28501,0.65031,0.34003,0.95151,0.8087,0.70415,0.77965,0.71176,0.7932,0.70339,0.7695,0.68317,0.50963,1.34655,0.93597,1.19896,2.61173e-05,2.61173e-05,2.61173e-05
166,6518.46,0.25413,0.54846,0.30681,0.94034,0.79761,0.71456,0.78101,0.71443,0.74727,0.73473,0.76766,0.68335,0.45819,1.34837,0.93565,1.11034,2.48829e-05,2.48829e-05,2.48829e-05
167,6545.48,0.26311,0.60719,0.33737,0.93383,0.77668,0.73658,0.78508,0.71449,0.75545,0.72537,0.76838,0.68199,0.42572,1.35613,0.9313,1.09002,2.36798e-05,2.36798e-05,2.36798e-05
168,6577.64,0.27395,0.64285,0.32233,0.9484,0.81998,0.68669,0.78458,0.71736,0.72358,0.75131,0.77237,0.68581,0.40996,1.36201,0.94489,1.08245,2.25082e-05,2.25082e-05,2.25082e-05
169,6608.76,0.28434,0.76298,0.37514,0.95558,0.80067,0.70097,0.78355,0.7156,0.79242,0.69627,0.77421,0.68626,0.39674,1.35768,0.93989,1.07615,2.13685e-05,2.13685e-05,2.13685e-05
170,6679.22,0.28814,0.67947,0.3608,0.95601,0.7742,0.70613,0.78307,0.71347,0.76571,0.70158,0.77247,0.6837,0.43216,1.34691,0.95965,1.09933,2.02608e-05,2.02608e-05,2.02608e-05
171,6705.56,0.31924,0.80392,0.42513,0.98508,0.77067,0.70394,0.78275,0.7175,0.76698,0.70227,0.77594,0.68714,0.47802,1.34331,0.95424,1.14855,1.91855e-05,1.91855e-05,1.91855e-05
172,6742.78,0.2788,0.64459,0.31974,0.94443,0.76822,0.71719,0.78247,0.71377,0.76056,0.71249,0.77017,0.68464,0.50807,1.34214,0.95059,1.20874,1.81429e-05,1.81429e-05,1.81429e-05
173,6769.43,0.27369,0.59563,0.34495,0.9415,0.77473,0.72042,0.78218,0.71282,0.76711,0.71572,0.77086,0.68628,0.51429,1.35156,0.94668,1.23943,1.71332e-05,1.71332e-05,1.71332e-05
174,6832.31,0.28547,0.72104,0.33994,0.94635,0.79201,0.72092,0.78374,0.71419,0.78076,0.71253,0.77055,0.68646,0.50788,1.34163,0.94034,1.20627,1.61566e-05,1.61566e-05,1.61566e-05
175,6862.08,0.28739,0.70434,0.34926,0.95766,0.80962,0.70665,0.78531,0.71467,0.79703,0.69895,0.77279,0.68766,0.50066,1.32942,0.92622,1.18643,1.52134e-05,1.52134e-05,1.52134e-05
176,6888.44,0.27727,0.59959,0.35476,0.93044,0.80541,0.70857,0.78421,0.71464,0.80207,0.69094,0.77103,0.68659,0.4681,1.32321,0.90552,1.11755,1.43039e-05,1.43039e-05,1.43039e-05
177,6919.97,0.28041,0.65166,0.33678,0.95943,0.76134,0.74611,0.78525,0.71592,0.8152,0.68658,0.77617,0.68652,0.4471,1.31661,0.89342,1.09731,1.34282e-05,1.34282e-05,1.34282e-05
178,6950.62,0.28092,0.70984,0.3439,0.95299,0.78497,0.72128,0.78023,0.71374,0.77704,0.71688,0.77333,0.68385,0.44509,1.31938,0.89926,1.09742,1.25866e-05,1.25866e-05,1.25866e-05
179,6983.41,0.26068,0.58812,0.28184,0.95074,0.78266,0.71807,0.77952,0.71522,0.77264,0.71204,0.77089,0.68353,0.47101,1.32127,0.90616,1.12196,1.17792e-05,1.17792e-05,1.17792e-05
180,7016.25,0.26493,0.64887,0.34312,0.95456,0.78915,0.71826,0.77914,0.71284,0.77644,0.71695,0.77077,0.68334,0.50753,1.33066,0.91501,1.2102,1.10063e-05,1.10063e-05,1.10063e-05
181,7078.01,0.25641,0.61264,0.31295,0.94317,0.79273,0.71033,0.7777,0.71284,0.78088,0.70811,0.76912,0.68157,0.51151,1.33849,0.92142,1.23832,1.02681e-05,1.02681e-05,1.02681e-05
182,7114.81,0.27156,0.60706,0.32266,0.94759,0.7852,0.73087,0.78343,0.71217,0.76359,0.71716,0.76892,0.68135,0.51618,1.34573,0.92401,1.29236,9.56474e-06,9.56474e-06,9.56474e-06
183,7147.26,0.25407,0.53558,0.27801,0.93139,0.76936,0.72899,0.7817,0.7105,0.75764,0.72002,0.76801,0.68081,0.51735,1.34989,0.92946,1.30008,8.89639e-06,8.89639e-06,8.89639e-06
184,7217.75,0.32056,0.82197,0.4108,0.97466,0.75,0.72574,0.77727,0.71153,0.75449,0.72201,0.7687,0.68314,0.51884,1.36086,0.93667,1.3011,8.26322e-06,8.26322e-06,8.26322e-06
185,7244.06,0.28555,0.72141,0.33141,0.96565,0.75043,0.73091,0.77744,0.71117,0.75727,0.72343,0.76759,0.68123,0.51628,1.36166,0.93485,1.30409,7.6654e-06,7.6654e-06,7.6654e-06
186,7276.21,0.2709,0.7207,0.32601,0.95255,0.75516,0.73656,0.77662,0.71084,0.75846,0.72408,0.76626,0.67837,0.5162,1.36128,0.93109,1.27076,7.10307e-06,7.10307e-06,7.10307e-06
187,7308.7,0.26855,0.61592,0.3161,0.94318,0.76395,0.74001,0.77447,0.70775,0.75393,0.73238,0.76352,0.67379,0.5179,1.35983,0.93135,1.27333,6.57636e-06,6.57636e-06,6.57636e-06
188,7339.8,0.28978,0.70062,0.33174,0.96063,0.78802,0.71843,0.77697,0.70962,0.7943,0.69436,0.76345,0.67448,0.52259,1.36362,0.92904,1.30058,6.08541e-06,6.08541e-06,6.08541e-06
189,7399.17,0.24978,0.60069,0.30783,0.92702,0.80766,0.71354,0.77945,0.71371,0.80053,0.70431,0.7692,0.67591,0.5225,1.36386,0.91862,1.31017,5.63034e-06,5.63034e-06,5.63034e-06
190,7431.68,0.27262,0.78286,0.35218,0.95256,0.76461,0.7546,0.77785,0.71062,0.75261,0.74467,0.76735,0.67266,0.52227,1.36899,0.9111,1.26924,5.21127e-06,5.21127e-06,5.21127e-06
191,7464.17,0.13346,0.31208,0.13669,0.85094,0.76141,0.75171,0.77267,0.70564,0.74906,0.74307,0.76216,0.6654,0.52351,1.37754,0.92044,1.27797,4.82828e-06,4.82828e-06,4.82828e-06
192,7495.03,0.13489,0.32479,0.13551,0.87394,0.76795,0.73133,0.76728,0.70068,0.75512,0.71847,0.75374,0.66245,0.52486,1.39217,0.93829,1.28718,4.48149e-06,4.48149e-06,4.48149e-06
193,7526.61,0.12546,0.33649,0.1354,0.85944,0.79157,0.7161,0.76624,0.70085,0.7791,0.7027,0.7502,0.66102,0.52525,1.40185,0.93887,1.28478,4.17097e-06,4.17097e-06,4.17097e-06
194,7588.16,0.12379,0.31919,0.13806,0.86175,0.7844,0.71721,0.76376,0.69753,0.77193,0.70392,0.75031,0.66011,0.52544,1.41592,0.94594,1.29716,3.8968e-06,3.8968e-06,3.8968e-06
195,7620.04,0.13825,0.35484,0.14646,0.86231,0.79051,0.71326,0.76065,0.69421,0.77806,0.69986,0.74467,0.65667,0.5256,1.42227,0.94895,1.31015,3.65905e-06,3.65905e-06,3.65905e-06
196,7650.91,0.12458,0.32116,0.12857,0.8527,0.77779,0.72464,0.76486,0.69656,0.76476,0.71303,0.75141,0.66108,0.52197,1.42569,0.93971,1.31673,3.45778e-06,3.45778e-06,3.45778e-06
197,7681.92,0.12937,0.32135,0.13443,0.85918,0.79261,0.72249,0.7658,0.69766,0.77948,0.71087,0.75215,0.66304,0.52302,1.4247,0.94264,1.32308,3.29303e-06,3.29303e-06,3.29303e-06
198,7708.31,0.12861,0.36499,0.12708,0.8641,0.77177,0.73193,0.76634,0.69999,0.76414,0.7247,0.75478,0.66512,0.52213,1.42453,0.93626,1.32421,3.16485e-06,3.16485e-06,3.16485e-06
199,7734.19,0.12244,0.31439,0.11928,0.86199,0.78866,0.72648,0.76733,0.7016,0.78097,0.71925,0.75588,0.66682,0.52235,1.41738,0.93645,1.32734,3.07328e-06,3.07328e-06,3.07328e-06
200,7766.27,0.12212,0.29389,0.12919,0.86783,0.77698,0.73463,0.76858,0.70191,0.76909,0.72919,0.75679,0.6675,0.52361,1.41855,0.93422,1.33552,3.01832e-06,3.01832e-06,3.01832e-06
